id,name,model_id:id,group_id:id,perm_read,perm_write,perm_create,perm_unlink
access_biocreto_requerimiento_solicitante,biocreto.requerimiento solicitante,model_biocreto_requerimiento,group_requerimiento_solicitante,1,1,1,0
access_biocreto_requerimiento_user,biocreto.requerimiento encargado,model_biocreto_requerimiento,group_requerimiento_user,1,1,1,0
access_biocreto_requerimiento_manager,biocreto.requerimiento administrador,model_biocreto_requerimiento,group_requerimiento_manager,1,1,1,1
access_biocreto_requerimiento_linea_solicitante,biocreto.requerimiento.linea solicitante,model_biocreto_requerimiento_linea,group_requerimiento_solicitante,1,1,1,1
access_biocreto_requerimiento_linea_user,biocreto.requerimiento.linea encargado,model_biocreto_requerimiento_linea,group_requerimiento_user,1,1,1,1
access_biocreto_requerimiento_linea_manager,biocreto.requerimiento.linea administrador,model_biocreto_requerimiento_linea,group_requerimiento_manager,1,1,1,1
access_biocreto_requerimiento_categoria_solicitante,biocreto.requerimiento.categoria solicitante,model_biocreto_requerimiento_categoria,group_requerimiento_solicitante,1,0,0,0
access_biocreto_requerimiento_categoria_user,biocreto.requerimiento.categoria encargado,model_biocreto_requerimiento_categoria,group_requerimiento_user,1,0,0,0
access_biocreto_requerimiento_categoria_manager,biocreto.requerimiento.categoria administrador,model_biocreto_requerimiento_categoria,group_requerimiento_manager,1,1,1,1
access_biocreto_requerimiento_entrega_solicitante,biocreto.requerimiento.entrega solicitante,model_biocreto_requerimiento_entrega,group_requerimiento_solicitante,1,0,0,0
access_biocreto_requerimiento_entrega_user,biocreto.requerimiento.entrega encargado,model_biocreto_requerimiento_entrega,group_requerimiento_user,1,1,1,1
access_biocreto_requerimiento_entrega_manager,biocreto.requerimiento.entrega administrador,model_biocreto_requerimiento_entrega,group_requerimiento_manager,1,1,1,1
access_biocreto_requerimiento_entrega_linea_solicitante,biocreto.requerimiento.entrega.linea solicitante,model_biocreto_requerimiento_entrega_linea,group_requerimiento_solicitante,1,0,0,0
access_biocreto_requerimiento_entrega_linea_user,biocreto.requerimiento.entrega.linea encargado,model_biocreto_requerimiento_entrega_linea,group_requerimiento_user,1,1,1,1
access_biocreto_requerimiento_entrega_linea_manager,biocreto.requerimiento.entrega.linea administrador,model_biocreto_requerimiento_entrega_linea,group_requerimiento_manager,1,1,1,1
